"","x"
"1","NDAR_INVYPJK6AC5"
"2","NDAR_INVYU8GX8G7"
"3","NDAR_INVYVJATKX1"
"4","NDAR_INVXVAB3PXP"
"5","NDAR_INVXVUGTFV5"
"6","NDAR_INVY43H2LJL"
"7","NDAR_INVY4NY9NDV"
"8","NDAR_INVY4WGB6A3"
"9","NDAR_INVY5VUA73W"
"10","NDAR_INVYXRGTMYM"
"11","NDAR_INVZYC44GB8"
"12","NDAR_INVZ48R1346"
"13","NDAR_INVZJYGP0WE"
"14","NDAR_INVZK8052MG"
"15","NDAR_INVZMMCVRWG"
"16","NDAR_INVZR16R6Y3"
"17","NDAR_INVY17ZU37V"
"18","NDAR_INVY2R1V4KT"
"19","NDAR_INVY6FE3R8A"
"20","NDAR_INVYFMUX7R3"
"21","NDAR_INVYLNRHT83"
"22","NDAR_INVX7KKFJ5E"
"23","NDAR_INVXHKRJC1C"
"24","NDAR_INVWXF9B2KG"
"25","NDAR_INVWXLHTR31"
"26","NDAR_INVPBXK8FNA"
"27","NDAR_INVPCBB86LH"
"28","NDAR_INVRJY2T5DU"
"29","NDAR_INVRVDEH2YJ"
"30","NDAR_INVX16TFXG3"
"31","NDAR_INVT2V8UJ3M"
"32","NDAR_INVT472A3DT"
"33","NDAR_INVT7HVBTRE"
"34","NDAR_INVT88PYFND"
"35","NDAR_INVREFXMF6L"
"36","NDAR_INVRGP7HTB4"
"37","NDAR_INVRW4NW1FC"
"38","NDAR_INVPF0N5FWX"
"39","NDAR_INVX34ZUB94"
"40","NDAR_INVP55M5T0X"
"41","NDAR_INVX6MC634B"
"42","NDAR_INVX3GV1FW0"
"43","NDAR_INVUVP8NKL5"
"44","NDAR_INVVGNCVUXB"
"45","NDAR_INVUZYC1YD6"
"46","NDAR_INVVNAHZMFZ"
"47","NDAR_INVVXPUM3HJ"
"48","NDAR_INVN7MH5976"
"49","NDAR_INVPL13NA8X"
"50","NDAR_INVWCV58UKD"
"51","NDAR_INVWDCENDZ9"
"52","NDAR_INVPMNK4WTH"
"53","NDAR_INVNT6BJVLB"
"54","NDAR_INVPXA96T93"
"55","NDAR_INVWMKGJZXX"
"56","NDAR_INVR4PV7WZ3"
"57","NDAR_INVTATNKDNJ"
"58","NDAR_INVTDJD7JZ2"
"59","NDAR_INVTDK7YAGN"
"60","NDAR_INVTE65EW0X"
"61","NDAR_INVTFJ2LGCD"
"62","NDAR_INVTFPK1DRW"
"63","NDAR_INVP6U14LUE"
"64","NDAR_INVR5VKKRM9"
"65","NDAR_INVR6TLLPMG"
"66","NDAR_INVTTYCH8LT"
"67","NDAR_INVUBFY4UNN"
"68","NDAR_INVUDUKRV36"
"69","NDAR_INVR9AJ27WZ"
"70","NDAR_INVUN2A7AA5"
"71","NDAR_INVUP3WUX7T"
"72","NDAR_INVUU2VUW5T"
"73","NDAR_INVUX20B6L5"
"74","NDAR_INVV2J19CN2"
"75","NDAR_INVV381L7JK"
"76","NDAR_INVGBXJFCXY"
"77","NDAR_INVFN0UUKK3"
"78","NDAR_INVFF1FE8EN"
"79","NDAR_INVFC0XL0E1"
"80","NDAR_INVHD5LEW4G"
"81","NDAR_INVFBV98M5D"
"82","NDAR_INVFAFNLCWD"
"83","NDAR_INVKDGX17KZ"
"84","NDAR_INVH907TWMT"
"85","NDAR_INVFY2VY166"
"86","NDAR_INVH8HNJZD4"
"87","NDAR_INVG8JBY950"
"88","NDAR_INVFD9X0A8E"
"89","NDAR_INVEXAKNZ18"
"90","NDAR_INVED7CA79P"
"91","NDAR_INVF59ZM3ZJ"
"92","NDAR_INVFAMRPW9C"
"93","NDAR_INVF1TB9CPJ"
"94","NDAR_INVE8L48Y5N"
"95","NDAR_INVHC9R0C16"
"96","NDAR_INVKFGPP88F"
"97","NDAR_INVHL80JFPU"
"98","NDAR_INVJ8CMYN6U"
"99","NDAR_INVKFU5W0JJ"
"100","NDAR_INVJPMRY00B"
"101","NDAR_INVLRTEWBMH"
"102","NDAR_INVKHL7D46V"
"103","NDAR_INVK0U3PRRR"
"104","NDAR_INVHRJNTDPZ"
"105","NDAR_INVJ6EUW017"
"106","NDAR_INVGMZBFT9W"
"107","NDAR_INVHF0D2M6B"
"108","NDAR_INVH83KP4EM"
"109","NDAR_INVE02NUBGT"
"110","NDAR_INVET1RUD2W"
"111","NDAR_INVECFADJPF"
"112","NDAR_INVKPF4GFHV"
"113","NDAR_INVJ7V2VTL2"
"114","NDAR_INVM96ND9WX"
"115","NDAR_INVHFZ6EMM2"
"116","NDAR_INVKW02LRCP"
"117","NDAR_INVDD4736KA"
"118","NDAR_INVFLPJWCHN"
"119","NDAR_INVL00DXXD5"
"120","NDAR_INVHVLPXZ99"
"121","NDAR_INVKF1BUR6G"
"122","NDAR_INVH6MRC067"
"123","NDAR_INVGH5DHURH"
"124","NDAR_INVDL8U4ZNT"
"125","NDAR_INVMHDDJ00W"
"126","NDAR_INVCHUKUNFD"
"127","NDAR_INVL8MTLH03"
"128","NDAR_INVK5JP23J6"
"129","NDAR_INVLMME1BK2"
"130","NDAR_INVCKMG9A44"
"131","NDAR_INVLVW6C8DX"
"132","NDAR_INVJ716H2Y0"
"133","NDAR_INVKNRU5BYD"
"134","NDAR_INVLX09YB8N"
"135","NDAR_INVCW8WDA3J"
"136","NDAR_INVLFE6F5NR"
"137","NDAR_INVLH3PCFW1"
"138","NDAR_INVM3JM9ARN"
"139","NDAR_INVLRNZXLDX"
"140","NDAR_INVMKW7RNZ8"
"141","NDAR_INVMZLYE6WZ"
"142","NDAR_INVMWC4BV86"
"143","NDAR_INVN4G2HXY1"
"144","NDAR_INVN5FRRMAK"
"145","NDAR_INVK2KFJDG5"
"146","NDAR_INVMTJLG5JL"
"147","NDAR_INVXW6WYXN6"
"148","NDAR_INVMTVMYZRH"
"149","NDAR_INVY03DJ9M0"
"150","NDAR_INV9BBUE6LG"
"151","NDAR_INVB14DZFG7"
"152","NDAR_INVBV75E69L"
"153","NDAR_INVAWPM62MM"
"154","NDAR_INVD1YTW0G6"
"155","NDAR_INVD8M17149"
"156","NDAR_INVBR1ZHAEJ"
"157","NDAR_INVB9RXNJDB"
"158","NDAR_INVAY9W0F99"
"159","NDAR_INVD8NF2X35"
"160","NDAR_INVAH6KK71Y"
"161","NDAR_INVBFEWTU2N"
"162","NDAR_INVCM7KCH5J"
"163","NDAR_INVD5UV2RGA"
"164","NDAR_INVAHREHU85"
"165","NDAR_INVC9DWTY95"
"166","NDAR_INVBDMGZK3B"
"167","NDAR_INVD806H93D"
"168","NDAR_INVAN03AH80"
"169","NDAR_INVA01DRNBZ"
"170","NDAR_INVC3A7UBT2"
"171","NDAR_INVAGP8V8LW"
"172","NDAR_INV99BP99WU"
"173","NDAR_INVBR0V5H2X"
"174","NDAR_INVAUR9UZH4"
"175","NDAR_INVB3CU3GHK"
"176","NDAR_INVB5VJ3KEG"
"177","NDAR_INV9D98AYBL"
"178","NDAR_INVBMF1MNMV"
"179","NDAR_INVANMZGAVD"
"180","NDAR_INV96KG6C49"
"181","NDAR_INV330HNJEV"
"182","NDAR_INV3B60KLEU"
"183","NDAR_INV37FHEA6B"
"184","NDAR_INV3MLPX0CG"
"185","NDAR_INV723AA4WA"
"186","NDAR_INV6CG6LPAT"
"187","NDAR_INV4XTD87JK"
"188","NDAR_INV355PUM5E"
"189","NDAR_INV39L5JHFA"
"190","NDAR_INV3R1XMUN2"
"191","NDAR_INV6MDP38L0"
"192","NDAR_INV5NHWRD1C"
"193","NDAR_INV6D3TTBKJ"
"194","NDAR_INV6ZTLWMWW"
"195","NDAR_INV20MXZPW5"
"196","NDAR_INV2R403NWA"
"197","NDAR_INV35KNHNNM"
"198","NDAR_INV24V8FLZ3"
"199","NDAR_INV56P2568B"
"200","NDAR_INV56UZU99J"
"201","NDAR_INV3T4N9EJD"
"202","NDAR_INV48EYUFJ4"
"203","NDAR_INV36DKMERA"
"204","NDAR_INV2CW9FCHV"
"205","NDAR_INV507WXWN7"
"206","NDAR_INV6HTEC707"
"207","NDAR_INV4H7G4RXD"
"208","NDAR_INV6UU2L6YJ"
"209","NDAR_INV75RKEU4Z"
"210","NDAR_INV32KLKRZC"
"211","NDAR_INV2YV96ETT"
"212","NDAR_INV5T572NVH"
"213","NDAR_INV2FTTVR8J"
"214","NDAR_INV8E028M6F"
"215","NDAR_INV51MR96PG"
"216","NDAR_INV4ET3VY02"
"217","NDAR_INV52XG9LJ3"
"218","NDAR_INV5YLL09V1"
"219","NDAR_INV3BMMWW3X"
"220","NDAR_INVAHHN0B3E"
"221","NDAR_INVC6MPJ7ZF"
"222","NDAR_INV953WUR8C"
"223","NDAR_INV7X576WFP"
"224","NDAR_INV8GZUK8EV"
"225","NDAR_INV7XRE8WCY"
"226","NDAR_INV7YM285FW"
"227","NDAR_INV8J86AFF3"
"228","NDAR_INV7UY7DLBX"
"229","NDAR_INV9LVF1WUU"
"230","NDAR_INV8LU9U8DZ"
"231","NDAR_INV8TWNRCGG"
"232","NDAR_INV0V1TYBKE"
"233","NDAR_INV1BE1UD48"
"234","NDAR_INV0CF1U8X8"
"235","NDAR_INV01NAYMZH"
"236","NDAR_INV0C765WK4"
"237","NDAR_INV1BUXN6LH"
"238","NDAR_INV0BXXNBH4"
"239","NDAR_INV1535421B"
"240","NDAR_INV0PRHUTZA"
"241","NDAR_INV1KP8VFVR"
"242","NDAR_INV1AA2VG9C"
"243","NDAR_INV1UWWV5JP"
"244","NDAR_INVV4XY140Z"
"245","NDAR_INVV53R103B"
"246","NDAR_INV0CCVJ39W"
"247","NDAR_INVVHRDAP1X"
"248","NDAR_INV72J2GA95"
"249","NDAR_INV19GP5HLJ"
"250","NDAR_INV7PXH7ZBR"
"251","NDAR_INV7ZVJYLM3"
"252","NDAR_INV81M94TWZ"
"253","NDAR_INV8HBTBDE2"
"254","NDAR_INV8CY1MFAT"
"255","NDAR_INV8CBT9W65"
"256","NDAR_INV8HCVHC17"
"257","NDAR_INV8CF76E8P"
"258","NDAR_INVA2VRT06X"
"259","NDAR_INV956C4ZGG"
"260","NDAR_INV81R15GP2"
"261","NDAR_INV9053L040"
"262","NDAR_INVA3A3F421"
"263","NDAR_INV18E23PK7"
"264","NDAR_INV7XUV8V0N"
"265","NDAR_INV7W42V487"
"266","NDAR_INV19BR9YHW"
"267","NDAR_INV0KPZW3NB"
"268","NDAR_INV8ZXPKPRN"
"269","NDAR_INVABMM7ZRX"
"270","NDAR_INVPJ39YVH9"
"271","NDAR_INV05YY477E"
"272","NDAR_INV085CYDEZ"
"273","NDAR_INVA140KMXY"
"274","NDAR_INV7ZE3WGCX"
"275","NDAR_INVBK1V38WW"
"276","NDAR_INV80CBC0L9"
"277","NDAR_INV8YGT3ABW"
"278","NDAR_INV9ACM4FBA"
"279","NDAR_INVA9GJMD11"
"280","NDAR_INVAVJXHAEC"
"281","NDAR_INVBK0V5AJK"
"282","NDAR_INVDTL56WZU"
"283","NDAR_INVCUNJD89E"
"284","NDAR_INVCXTWKWU8"
"285","NDAR_INVD1APEXLT"
"286","NDAR_INVD1DCEAJH"
"287","NDAR_INVDEKRPJ5X"
"288","NDAR_INVD13XNZ1E"
"289","NDAR_INVDW1BKLJN"
"290","NDAR_INVE414T9WK"
"291","NDAR_INVE32G7HZE"
"292","NDAR_INVE7EG3Y66"
"293","NDAR_INVAWA5076Z"
"294","NDAR_INVBHVKFKF7"
"295","NDAR_INVBHD2GF0Z"
"296","NDAR_INVBN8Z67UX"
"297","NDAR_INVCGXC468Y"
"298","NDAR_INVCPKCD2H0"
"299","NDAR_INVJ3CDYG3J"
"300","NDAR_INVCVWPX3EA"
"301","NDAR_INVD33P1GPC"
"302","NDAR_INVDB28XX06"
"303","NDAR_INVK0WC1N5P"
"304","NDAR_INVK9DZW93Y"
"305","NDAR_INVKLBUDEGD"
"306","NDAR_INVL456T3RZ"
"307","NDAR_INVL4W6Z6C0"
"308","NDAR_INVL8HJ4BVC"
"309","NDAR_INVE26RRHNP"
"310","NDAR_INVB6YGLTJK"
"311","NDAR_INVM6781J8F"
"312","NDAR_INVBH7UHE62"
"313","NDAR_INVML3JWCTF"
"314","NDAR_INVMM0GMFCC"
"315","NDAR_INVB14AY6F8"
"316","NDAR_INVNV04JNKA"
"317","NDAR_INVCD3GLYXK"
"318","NDAR_INVHBUKR2VY"
"319","NDAR_INVHF0XT8CF"
"320","NDAR_INVKPZYYKTG"
"321","NDAR_INVL9KCH70W"
"322","NDAR_INVJAD86WDH"
"323","NDAR_INVLKDHWPWF"
"324","NDAR_INVLX0YXH5F"
"325","NDAR_INVM7B2FF2Y"
"326","NDAR_INVLY0ZDHGV"
"327","NDAR_INVM889LV1R"
"328","NDAR_INVM8P79888"
"329","NDAR_INVMP1NHUFC"
"330","NDAR_INVNCUV83U4"
"331","NDAR_INVNW7JFAN8"
"332","NDAR_INV9NJKP5VL"
"333","NDAR_INVG545NFAE"
"334","NDAR_INVGA9CN12W"
"335","NDAR_INVHFKCY87W"
"336","NDAR_INVJ8JU5JAA"
"337","NDAR_INVJPV235G4"
"338","NDAR_INVJNMHDYGC"
"339","NDAR_INVJP58CZGJ"
"340","NDAR_INVJWXRTDHM"
"341","NDAR_INVJV3VFJD1"
"342","NDAR_INVJVPFFH8R"
"343","NDAR_INVK20VT80R"
"344","NDAR_INVKACJ255N"
"345","NDAR_INVKB6F3HGV"
"346","NDAR_INVJU6W0MXX"
"347","NDAR_INVJUHGFPD3"
"348","NDAR_INVJZ12514R"
"349","NDAR_INVEEGFEXUY"
"350","NDAR_INVJMAK2VV0"
"351","NDAR_INVJ1551F3N"
"352","NDAR_INVKKXA5H12"
"353","NDAR_INVJYXYG81D"
"354","NDAR_INVLGZ21X0T"
"355","NDAR_INVKK8HT4H8"
"356","NDAR_INVLVW41722"
"357","NDAR_INVFHBKW2VL"
"358","NDAR_INVMJPLXBJT"
"359","NDAR_INVM3VWCXNN"
"360","NDAR_INVMXGV952X"
"361","NDAR_INVG40TP4HF"
"362","NDAR_INVNTJF26D6"
"363","NDAR_INVH9NZRW87"
"364","NDAR_INVG8K37NDD"
"365","NDAR_INVGGTCPFBU"
"366","NDAR_INVGWG4RUR9"
"367","NDAR_INVJKGPNZA2"
"368","NDAR_INVFMHWAFKJ"
"369","NDAR_INVG0ZNL58U"
"370","NDAR_INVEWYRM0KZ"
"371","NDAR_INVF08DPWLT"
"372","NDAR_INVF99CJ6A0"
"373","NDAR_INVFF01R0CH"
"374","NDAR_INVATGY6TA4"
"375","NDAR_INVEYHJ6V3Z"
"376","NDAR_INVFGGKCL3V"
"377","NDAR_INVFJEW218J"
"378","NDAR_INVG2H30ATD"
"379","NDAR_INVGF6M43VF"
"380","NDAR_INVGUGEVCM0"
"381","NDAR_INVH3JAB3RR"
"382","NDAR_INVAB4VZUWB"
"383","NDAR_INVAPJKJ5KB"
"384","NDAR_INV963N6B2W"
"385","NDAR_INV9DTKH5ER"
"386","NDAR_INV9E9EAJ15"
"387","NDAR_INV9PNVA22B"
"388","NDAR_INV9R3R8MW4"
"389","NDAR_INV9VW8MT82"
"390","NDAR_INV9WG8CVTX"
"391","NDAR_INV9Z9HRUM9"
"392","NDAR_INVA54MB68D"
"393","NDAR_INVANH9WRCV"
"394","NDAR_INV8J6JMUXE"
"395","NDAR_INV8XEPPMAY"
"396","NDAR_INV8ZNJ982B"
"397","NDAR_INVA1TDVMA1"
"398","NDAR_INVAD301F7N"
"399","NDAR_INVAD8N7RW7"
"400","NDAR_INV8J5VU553"
"401","NDAR_INVAEHDBWMH"
"402","NDAR_INV8Z3XXD69"
"403","NDAR_INV9PVJXVCK"
"404","NDAR_INV4F8LNY2K"
"405","NDAR_INV3ATWJ2YH"
"406","NDAR_INV5HDBZPE1"
"407","NDAR_INV66W9RTUH"
"408","NDAR_INV4T1NP49C"
"409","NDAR_INV6K35WWL0"
"410","NDAR_INV4M21YVVK"
"411","NDAR_INV7WBW8TFG"
"412","NDAR_INV2KZR1A9A"
"413","NDAR_INV3A2DLZTM"
"414","NDAR_INV4C616XF8"
"415","NDAR_INVWZJ7FKG5"
"416","NDAR_INV6LNG5JWF"
"417","NDAR_INVVJ4BVBAV"
"418","NDAR_INVYDTVRPWV"
"419","NDAR_INVYZGRYL84"
"420","NDAR_INVWP0ZYHN3"
"421","NDAR_INVZ0MP06TT"
"422","NDAR_INVYZ0U1DGC"
"423","NDAR_INVYZ0ZBG85"
"424","NDAR_INVZWP0XZ9A"
"425","NDAR_INVXFURZ24F"
"426","NDAR_INVP6ZT1BJE"
"427","NDAR_INVXG13EX2M"
"428","NDAR_INVPJF841VD"
"429","NDAR_INVREBD8GTZ"
"430","NDAR_INVYGPAVGFJ"
"431","NDAR_INVT06LDPZU"
"432","NDAR_INVU5T2LA5F"
"433","NDAR_INVP9L68A4A"
"434","NDAR_INVUVHFPBMC"
"435","NDAR_INVPL7L6GEM"
"436","NDAR_INVVBH246B9"
"437","NDAR_INVVCKR7V40"
"438","NDAR_INVRG6U88KM"
"439","NDAR_INVT6Z99TKW"
"440","NDAR_INVXECRNL56"
"441","NDAR_INVRJ65NCMR"
"442","NDAR_INVXV9TRYCZ"
"443","NDAR_INVXEYPED0K"
"444","NDAR_INVTAFX2KWR"
"445","NDAR_INVU8X5T2WD"
"446","NDAR_INVY2EFVF4F"
"447","NDAR_INVXJEFUNEP"
"448","NDAR_INVYLTE2PT9"
"449","NDAR_INVZE3L2GCN"
"450","NDAR_INVZ5T7BWT5"
"451","NDAR_INVZ6ZWJ1W6"
"452","NDAR_INVZH7LD600"
"453","NDAR_INVPATH0UC3"
"454","NDAR_INVPZ7DT6XF"
"455","NDAR_INVPXA33ZKY"
"456","NDAR_INVR3T709BD"
"457","NDAR_INVRKYXUEXM"
"458","NDAR_INVTAN0M8LG"
"459","NDAR_INVTAP6MEMP"
"460","NDAR_INVTAPZKUPL"
"461","NDAR_INVTBJX7XV9"
"462","NDAR_INVUF00N1FK"
"463","NDAR_INVUBKLVB72"
"464","NDAR_INVUYU4JRJA"
"465","NDAR_INVVFKCK80B"
"466","NDAR_INVVZ1LY5EP"
"467","NDAR_INVVZ900L8H"
"468","NDAR_INVW323P74D"
"469","NDAR_INVW482U9L4"
"470","NDAR_INVX9N847R2"
"471","NDAR_INVRMH1RF1E"
"472","NDAR_INVU65A7DKA"
"473","NDAR_INVLR6BN87U"
"474","NDAR_INVPZAWPXFB"
"475","NDAR_INVPHGUNDL7"
"476","NDAR_INVW2L5FYC0"
"477","NDAR_INVR4E2D8Z5"
"478","NDAR_INVNUNMDE7M"
"479","NDAR_INVZFGU643V"
"480","NDAR_INVZT44Y065"
"481","NDAR_INVT1VTW1HM"
"482","NDAR_INVVZ76D1UR"
"483","NDAR_INVFP7WAK5D"
"484","NDAR_INVZCCYZY0V"
"485","NDAR_INVG059BTMJ"
"486","NDAR_INVGUNAAG7E"
"487","NDAR_INVHHAZYG1A"
"488","NDAR_INVJTU3X2VF"
"489","NDAR_INVKZ5G9C6C"
"490","NDAR_INVKP3A1LBZ"
"491","NDAR_INVKZ38RVXY"
"492","NDAR_INVWDPW1876"
"493","NDAR_INVFWMHMK0A"
"494","NDAR_INVJCFMFR6E"
"495","NDAR_INVFCLB0ERE"
"496","NDAR_INVHD6C4KL6"
"497","NDAR_INVLGHA598L"
"498","NDAR_INVPJ80XL8H"
"499","NDAR_INVRELT7MMW"
"500","NDAR_INVEFMK5HUC"
"501","NDAR_INVEK4406ZW"
"502","NDAR_INVWTTUXX1L"
"503","NDAR_INVXMWVP3Y9"
"504","NDAR_INVWJZJUU4V"
"505","NDAR_INV7JG0B0Y1"
"506","NDAR_INVET2UMV8G"
"507","NDAR_INVFLUR44J7"
"508","NDAR_INVFC12GLF0"
"509","NDAR_INVBW3JU66Z"
"510","NDAR_INVE5WTBCCC"
"511","NDAR_INVC4H4Y34B"
"512","NDAR_INVBKR2UJL2"
"513","NDAR_INVD23C6A4C"
"514","NDAR_INVCYDU871W"
"515","NDAR_INVCZU8RL3L"
"516","NDAR_INVBX3X4GG7"
"517","NDAR_INVC3E7K9A7"
"518","NDAR_INVB0G9GYRY"
"519","NDAR_INVBL4HN6F4"
"520","NDAR_INVCA6R8P2J"
"521","NDAR_INVJX0PX7UM"
"522","NDAR_INVJ6MH0EXG"
"523","NDAR_INVKE6Z3413"
"524","NDAR_INVKTEZYKCL"
"525","NDAR_INVKCXJ48Z1"
"526","NDAR_INVJXUKE3JB"
"527","NDAR_INVK4JJ20YY"
"528","NDAR_INVJT5AUAK8"
"529","NDAR_INVLZBR5BLJ"
"530","NDAR_INVKTZCHRX8"
"531","NDAR_INVLZEPNXZU"
"532","NDAR_INVMDEU4XC0"
"533","NDAR_INVLBB0TDL0"
"534","NDAR_INVMPFRT30T"
"535","NDAR_INVMF445X55"
"536","NDAR_INVH8NGBTPP"
"537","NDAR_INVNEPC9JXH"
"538","NDAR_INVKGU77A38"
"539","NDAR_INVKWYR8JMB"
"540","NDAR_INVKXX86222"
"541","NDAR_INVMHCA4296"
"542","NDAR_INVMVB45W2X"
"543","NDAR_INVHX94ZLXK"
"544","NDAR_INVHRTU9HVX"
"545","NDAR_INVJHEF7HG0"
"546","NDAR_INVJTA9PW0F"
"547","NDAR_INVK7150G4Z"
"548","NDAR_INVEF2A6ATB"
"549","NDAR_INVFRJ6LFD5"
"550","NDAR_INVG16RFRXX"
"551","NDAR_INVFVPJVUJZ"
"552","NDAR_INVH1A3JG9F"
"553","NDAR_INVGR2EX4NH"
"554","NDAR_INVH1E70RH9"
"555","NDAR_INVFX9F9REG"
"556","NDAR_INVFWC6LDUD"
"557","NDAR_INVEEEJ9XTB"
"558","NDAR_INVEGZWYGFM"
"559","NDAR_INVABMADLKV"
"560","NDAR_INV8FHKFFRM"
"561","NDAR_INVYR5WDP7T"
"562","NDAR_INVZKJXBJMM"
"563","NDAR_INVWFL8DCPR"
"564","NDAR_INVYM2Y11M1"
"565","NDAR_INVXALFHN4F"
"566","NDAR_INVXB686CP7"
"567","NDAR_INVXRWF7AVL"
"568","NDAR_INVPCH8JM5B"
"569","NDAR_INVZKYLLADV"
"570","NDAR_INVY98NL5JN"
"571","NDAR_INVYRVP8LV1"
"572","NDAR_INVRT64RNWZ"
"573","NDAR_INVZN9E7J06"
"574","NDAR_INVRTZP6F8K"
"575","NDAR_INVTH6DHG5Y"
"576","NDAR_INVTMRGF3F4"
"577","NDAR_INVRMAND772"
"578","NDAR_INVPEFTDJ7B"
"579","NDAR_INVP38LCGFT"
"580","NDAR_INVTT0WEJUX"
"581","NDAR_INVRVKDMDNH"
"582","NDAR_INVWDG85F4T"
"583","NDAR_INVVJBX89D6"
"584","NDAR_INVV4RPD9NA"
"585","NDAR_INVTVZVDPG7"
"586","NDAR_INVVM3WVMV7"
"587","NDAR_INVUNZ46TB8"
"588","NDAR_INVX9XKM89P"
"589","NDAR_INVVMHC7BEX"
"590","NDAR_INVZTPV9V4Z"
"591","NDAR_INVP3LDF3U5"
"592","NDAR_INVPHGUL1Z3"
"593","NDAR_INVRBJT537E"
"594","NDAR_INVRX2KLC0M"
"595","NDAR_INVRY4YXW7M"
"596","NDAR_INVRZ1BPZ6J"
"597","NDAR_INVTWB035Y1"
"598","NDAR_INVTZ6EYWUJ"
"599","NDAR_INVU3XLKGUY"
"600","NDAR_INVUU9P706U"
"601","NDAR_INVUUP2MCRU"
"602","NDAR_INVV54EMBM7"
"603","NDAR_INVVMHTUJHX"
"604","NDAR_INVVP326VDY"
"605","NDAR_INVVT22AKPY"
"606","NDAR_INVXDUPZ8ZL"
"607","NDAR_INVXBB6NT2L"
"608","NDAR_INVXUJFABEC"
"609","NDAR_INVYA6B3A5N"
"610","NDAR_INVYXHBN74V"
"611","NDAR_INVYW9MFMW8"
"612","NDAR_INVMDWZP1FT"
"613","NDAR_INVRFNPYVUU"
"614","NDAR_INVY3N5BMUP"
"615","NDAR_INVYPL5XV35"
"616","NDAR_INVVR8GJJYB"
"617","NDAR_INVU3ZHJV5Z"
"618","NDAR_INVYYTGPBJA"
"619","NDAR_INVVHBYV2NC"
"620","NDAR_INV8YW7NZDX"
"621","NDAR_INV9D1R1M0C"
"622","NDAR_INV9G641C44"
"623","NDAR_INV8DV0K9FK"
"624","NDAR_INV06WHVUPX"
"625","NDAR_INV64VXDF5P"
"626","NDAR_INV3Z0RW5RE"
"627","NDAR_INV1UNYCP25"
"628","NDAR_INV6GBF9WDD"
"629","NDAR_INV0VVG7LYB"
"630","NDAR_INV33V4RC97"
"631","NDAR_INV0DUXE0ZA"
"632","NDAR_INV14C1N3KZ"
"633","NDAR_INV2W07991D"
"634","NDAR_INV165NRNVG"
"635","NDAR_INV3CLUDH6D"
"636","NDAR_INV4Y6K99MT"
"637","NDAR_INV367WJ8ZA"
"638","NDAR_INV3ZXWNWZK"
"639","NDAR_INV28NRLWRX"
"640","NDAR_INV2A5C0KWW"
"641","NDAR_INV1N2R407U"
"642","NDAR_INV4W2U0GZN"
"643","NDAR_INV4C2YD3TH"
"644","NDAR_INV4Z4RC8PH"
"645","NDAR_INV5LUMKVGJ"
"646","NDAR_INV01AJ15N9"
"647","NDAR_INV0P4XZMZA"
"648","NDAR_INV0CCEN5K2"
"649","NDAR_INV2X9JB86Z"
"650","NDAR_INV2ZC2JPP4"
"651","NDAR_INV3PTPRFM5"
"652","NDAR_INV5PTVY6KC"
"653","NDAR_INV36HCR0T5"
"654","NDAR_INV3R9J4MH0"
"655","NDAR_INV10K9CVX2"
"656","NDAR_INV07HGA3B7"
"657","NDAR_INV07THBLHG"
"658","NDAR_INV2AVRCTAA"
"659","NDAR_INV4ZTJFWE1"
"660","NDAR_INV5E5N8A4J"
"661","NDAR_INV0TTJA443"
"662","NDAR_INV2JC795CJ"
"663","NDAR_INV4G2RL68U"
"664","NDAR_INV19ZM2GTU"
"665","NDAR_INV1ACWERC3"
"666","NDAR_INV059VLAHF"
"667","NDAR_INV2D07F24X"
"668","NDAR_INV4G9T9A6R"
"669","NDAR_INV38DJNT05"
"670","NDAR_INV1JC1WW5Y"
"671","NDAR_INV2R0HFJ5Y"
"672","NDAR_INV59C2MYUA"
"673","NDAR_INV3V253V18"
"674","NDAR_INV05X0LM1N"
"675","NDAR_INV2Z032PK4"
"676","NDAR_INV3WDYMBWU"
"677","NDAR_INV41964BN4"
"678","NDAR_INV2YJD21VH"
"679","NDAR_INV474A4X05"
"680","NDAR_INV08GBDG8X"
"681","NDAR_INV2V43CKWH"
"682","NDAR_INV5FBJ0AJ1"
"683","NDAR_INV3BFH48PE"
"684","NDAR_INV21VH8BF0"
"685","NDAR_INV0V9W14U5"
"686","NDAR_INV1P7L5P3B"
"687","NDAR_INV7RNULXT2"
"688","NDAR_INV6U7X519L"
"689","NDAR_INV7BVLKF6V"
"690","NDAR_INV8LZNH731"
"691","NDAR_INV7X4CGXMP"
"692","NDAR_INV21KEUZ1N"
"693","NDAR_INV8GE4JHY8"
"694","NDAR_INV8MD5H3AW"
"695","NDAR_INV6LBMATCR"
"696","NDAR_INV6N503HJZ"
"697","NDAR_INV6X9U8P56"
"698","NDAR_INV71MKD752"
"699","NDAR_INV7UERCC7T"
"700","NDAR_INV7R52U5A1"
"701","NDAR_INV1Y3BE09E"
"702","NDAR_INV6HRC5TN7"
"703","NDAR_INV7F2WNZ5D"
"704","NDAR_INV1F5BKK61"
"705","NDAR_INV79ZA5TBC"
"706","NDAR_INVUD0M0169"
"707","NDAR_INVVD8NUGKM"
"708","NDAR_INV83FXH9MJ"
"709","NDAR_INVZPTGXKT8"
"710","NDAR_INV75UAC3KM"
"711","NDAR_INVV5TKBR0Y"
"712","NDAR_INVY5XMUWB0"
"713","NDAR_INVUKDUJYJH"
"714","NDAR_INV4JVM9WML"
"715","NDAR_INV462XNPPR"
"716","NDAR_INVCTDL9XAC"
